timestamp,latitude,longitude
2025-11-12T18:15:57.325062,0.0,0.0
2025-11-12T18:15:57.387220,0.0,0.0
2025-11-12T18:15:58.316211,0.0,0.0
2025-11-12T18:15:58.377382,0.0,0.0
2025-11-12T18:15:59.307157,0.0,0.0
2025-11-12T18:15:59.369244,0.0,0.0
2025-11-12T18:16:00.316643,0.0,0.0
2025-11-12T18:16:00.378247,0.0,0.0
2025-11-12T18:16:01.307069,0.0,0.0
2025-11-12T18:16:01.369090,0.0,0.0
2025-11-12T18:16:02.315242,0.0,0.0
2025-11-12T18:16:02.377138,0.0,0.0
2025-11-12T18:16:59.326229,0.0,0.0
2025-11-12T18:16:59.389005,0.0,0.0
2025-11-12T18:17:00.316079,0.0,0.0
2025-11-12T18:17:00.378169,0.0,0.0
2025-11-12T18:17:01.307078,0.0,0.0
2025-11-12T18:17:01.369082,0.0,0.0
2025-11-12T18:17:02.316108,0.0,0.0
2025-11-12T18:17:02.378149,0.0,0.0
2025-11-12T18:17:03.307136,0.0,0.0
2025-11-12T18:17:03.369212,0.0,0.0
2025-11-12T18:17:04.315195,0.0,0.0
2025-11-12T18:17:04.377888,0.0,0.0
2025-11-12T18:17:05.325259,0.0,0.0
2025-11-12T18:17:05.387281,0.0,0.0
2025-11-12T18:17:06.316144,0.0,0.0
2025-11-12T18:17:06.378071,0.0,0.0
2025-11-12T18:17:07.326113,0.0,0.0
2025-11-12T18:17:07.388660,0.0,0.0
2025-11-12T18:17:08.316113,0.0,0.0
2025-11-12T18:17:08.378132,0.0,0.0
2025-11-12T18:17:09.326175,0.0,0.0
2025-11-12T18:17:09.388162,0.0,0.0
2025-11-12T18:17:10.315311,0.0,0.0
2025-11-12T18:17:10.377045,0.0,0.0
2025-11-12T18:17:11.307248,0.0,0.0
2025-11-12T18:17:11.369298,0.0,0.0
2025-11-12T18:17:12.316947,0.0,0.0
2025-11-12T18:17:12.378060,0.0,0.0
2025-11-12T18:17:13.307092,0.0,0.0
2025-11-12T18:17:13.369469,0.0,0.0
2025-11-12T18:17:14.315890,0.0,0.0
2025-11-12T18:17:14.377185,0.0,0.0
2025-11-12T18:17:15.307502,0.0,0.0
2025-11-12T18:17:15.369104,0.0,0.0
2025-11-12T18:17:16.316215,0.0,0.0
2025-11-12T18:17:16.378107,0.0,0.0
2025-11-12T18:17:17.307892,0.0,0.0
2025-11-12T18:17:17.369083,0.0,0.0
2025-11-12T18:17:18.316347,0.0,0.0
2025-11-12T18:17:18.378347,0.0,0.0
2025-11-12T18:17:19.307543,0.0,0.0
2025-11-12T18:17:19.369253,0.0,0.0
2025-11-12T18:17:20.316112,0.0,0.0
2025-11-12T18:17:20.378129,0.0,0.0
2025-11-12T18:17:21.326230,0.0,0.0
2025-11-12T18:17:21.388099,0.0,0.0
2025-11-12T18:17:22.316078,0.0,0.0
2025-11-12T18:17:22.378105,0.0,0.0
2025-11-12T18:17:23.307084,0.0,0.0
2025-11-12T18:17:23.369155,0.0,0.0
2025-11-12T18:17:24.315160,0.0,0.0
2025-11-12T18:17:24.377328,0.0,0.0
2025-11-12T18:17:25.326999,0.0,0.0
2025-11-12T18:17:25.388069,0.0,0.0
2025-11-12T18:17:26.316049,0.0,0.0
2025-11-12T18:17:26.378162,0.0,0.0
2025-11-12T18:17:27.308920,0.0,0.0
2025-11-12T18:17:27.369139,0.0,0.0
2025-11-12T18:17:28.316719,0.0,0.0
2025-11-12T18:17:28.378155,0.0,0.0
2025-11-12T18:17:29.307217,0.0,0.0
2025-11-12T18:17:29.369603,0.0,0.0
2025-11-12T18:17:30.317503,0.0,0.0
2025-11-12T18:17:30.378179,0.0,0.0
2025-11-12T18:17:31.309119,0.0,0.0
2025-11-12T18:17:31.369152,0.0,0.0
2025-11-12T18:17:32.315698,0.0,0.0
2025-11-12T18:17:32.377161,0.0,0.0
2025-11-12T18:17:33.308156,0.0,0.0
2025-11-12T18:17:33.369280,0.0,0.0
2025-11-12T18:17:34.316649,0.0,0.0
2025-11-12T18:17:34.378213,0.0,0.0
2025-11-12T18:17:35.307271,0.0,0.0
2025-11-12T18:17:35.369191,0.0,0.0
2025-11-12T18:17:36.316182,0.0,0.0
2025-11-12T18:17:36.379030,0.0,0.0
2025-11-12T18:17:37.307080,0.0,0.0
2025-11-12T18:17:37.369350,0.0,0.0
2025-11-12T18:17:38.316878,0.0,0.0
2025-11-12T18:17:38.378105,0.0,0.0
2025-11-12T18:17:39.307126,0.0,0.0
2025-11-12T18:17:39.369271,0.0,0.0
2025-11-12T18:17:40.316913,0.0,0.0
2025-11-12T18:17:40.378277,0.0,0.0
2025-11-12T18:17:41.325044,0.0,0.0
2025-11-12T18:17:41.387120,0.0,0.0
2025-11-12T18:17:42.315784,0.0,0.0
2025-11-12T18:17:42.377284,0.0,0.0
2025-11-12T18:17:43.326044,0.0,0.0
2025-11-12T18:17:43.387171,0.0,0.0
2025-11-12T18:17:44.316201,0.0,0.0
2025-11-12T18:17:44.379011,0.0,0.0
2025-11-12T18:17:45.307105,0.0,0.0
2025-11-12T18:17:45.369302,0.0,0.0
2025-11-12T18:17:46.316704,0.0,0.0
2025-11-12T18:17:46.378053,0.0,0.0
2025-11-12T18:17:47.307316,0.0,0.0
2025-11-12T18:17:47.369162,0.0,0.0
2025-11-12T18:17:48.316336,0.0,0.0
2025-11-12T18:17:48.378264,0.0,0.0
2025-11-12T18:17:49.326710,0.0,0.0
2025-11-12T18:17:49.388597,0.0,0.0
2025-11-12T18:17:50.315988,0.0,0.0
2025-11-12T18:17:50.378129,0.0,0.0
2025-11-12T18:17:51.307000,0.0,0.0
2025-11-12T18:17:51.369436,0.0,0.0
2025-11-12T18:17:52.316157,0.0,0.0
2025-11-12T18:17:52.378431,0.0,0.0
2025-11-12T18:17:53.307077,0.0,0.0
2025-11-12T18:17:53.369463,0.0,0.0
2025-11-12T18:17:54.316190,0.0,0.0
2025-11-12T18:17:54.378444,0.0,0.0
2025-11-12T18:17:55.307082,0.0,0.0
2025-11-12T18:17:55.369079,0.0,0.0
2025-11-12T18:17:56.316099,0.0,0.0
2025-11-12T18:17:56.378121,0.0,0.0
2025-11-12T18:17:57.326234,0.0,0.0
2025-11-12T18:17:57.388184,0.0,0.0
2025-11-12T18:17:58.316141,0.0,0.0
2025-11-12T18:17:58.378417,0.0,0.0
2025-11-12T18:17:59.307562,0.0,0.0
2025-11-12T18:17:59.369242,0.0,0.0
2025-11-12T18:18:00.315579,0.0,0.0
2025-11-12T18:18:00.377280,0.0,0.0
2025-11-12T18:18:01.306175,0.0,0.0
2025-11-12T18:18:01.368188,0.0,0.0
2025-11-12T18:18:02.315704,0.0,0.0
2025-11-12T18:18:02.377417,0.0,0.0
2025-11-12T18:18:03.306979,0.0,0.0
2025-11-12T18:18:03.369141,0.0,0.0
2025-11-12T18:18:04.316266,0.0,0.0
2025-11-12T18:18:04.378168,0.0,0.0
2025-11-12T18:18:05.308321,0.0,0.0
2025-11-12T18:18:05.370345,0.0,0.0
2025-11-12T18:18:06.316300,0.0,0.0
2025-11-12T18:18:06.378085,0.0,0.0
2025-11-12T18:18:07.307117,0.0,0.0
2025-11-12T18:18:07.369281,0.0,0.0
2025-11-12T18:18:08.316964,0.0,0.0
2025-11-12T18:18:08.378642,0.0,0.0
2025-11-12T18:18:09.307593,0.0,0.0
2025-11-12T18:18:09.369299,0.0,0.0
2025-11-12T18:18:10.315283,0.0,0.0
2025-11-12T18:18:10.377152,0.0,0.0
2025-11-12T18:18:11.326122,0.0,0.0
2025-11-12T18:18:11.388138,0.0,0.0
2025-11-12T18:18:12.315073,0.0,0.0
2025-11-12T18:18:12.377204,0.0,0.0
2025-11-12T18:18:13.307218,0.0,0.0
2025-11-12T18:18:13.369208,0.0,0.0
2025-11-12T18:18:14.316169,0.0,0.0
2025-11-12T18:18:14.377315,0.0,0.0
2025-11-12T18:18:15.307167,0.0,0.0
2025-11-12T18:18:15.369360,0.0,0.0
2025-11-12T18:18:16.316500,0.0,0.0
2025-11-12T18:18:16.378066,0.0,0.0
2025-11-12T18:18:17.307154,0.0,0.0
2025-11-12T18:18:17.369241,0.0,0.0
2025-11-12T18:18:18.316287,0.0,0.0
2025-11-12T18:18:18.378310,0.0,0.0
2025-11-12T18:18:19.326231,0.0,0.0
2025-11-12T18:18:19.388166,0.0,0.0
2025-11-12T18:18:20.315305,0.0,0.0
2025-11-12T18:18:20.377329,0.0,0.0
2025-11-12T18:18:21.307120,0.0,0.0
2025-11-12T18:18:21.369191,0.0,0.0
2025-11-12T18:18:22.315246,0.0,0.0
2025-11-12T18:18:22.377133,0.0,0.0
2025-11-12T18:18:23.307172,0.0,0.0
2025-11-12T18:18:23.369365,0.0,0.0
2025-11-12T18:18:24.316694,0.0,0.0
2025-11-12T18:18:24.378374,0.0,0.0
2025-11-12T18:18:25.307531,0.0,0.0
2025-11-12T18:18:25.369260,0.0,0.0
2025-11-12T18:18:26.316125,0.0,0.0
2025-11-12T18:18:26.378669,0.0,0.0
2025-11-12T18:18:27.306180,0.0,0.0
2025-11-12T18:18:27.368277,0.0,0.0
2025-11-12T18:18:28.316125,0.0,0.0
2025-11-12T18:18:28.378362,0.0,0.0
2025-11-12T18:18:29.326075,0.0,0.0
2025-11-12T18:18:29.388103,0.0,0.0
2025-11-12T18:18:30.316167,0.0,0.0
2025-11-12T18:18:30.378302,0.0,0.0
2025-11-12T18:18:31.326151,0.0,0.0
2025-11-12T18:18:31.387104,0.0,0.0
2025-11-12T18:18:32.316528,0.0,0.0
2025-11-12T18:18:32.378242,0.0,0.0
2025-11-12T18:18:33.327556,0.0,0.0
2025-11-12T18:18:33.388199,0.0,0.0
2025-11-12T18:18:34.315943,0.0,0.0
2025-11-12T18:18:34.377255,0.0,0.0
2025-11-12T18:18:35.307186,0.0,0.0
2025-11-12T18:18:35.369202,0.0,0.0
2025-11-12T18:18:36.315108,0.0,0.0
2025-11-12T18:18:36.377165,0.0,0.0
2025-11-12T18:18:37.307157,0.0,0.0
2025-11-12T18:18:37.369276,0.0,0.0
2025-11-12T18:18:38.316210,0.0,0.0
2025-11-12T18:18:38.378166,0.0,0.0
2025-11-12T18:18:39.307768,0.0,0.0
2025-11-12T18:18:39.369200,0.0,0.0
2025-11-12T18:18:40.316169,0.0,0.0
2025-11-12T18:18:40.378166,0.0,0.0
2025-11-12T18:18:41.327011,0.0,0.0
2025-11-12T18:18:41.389132,0.0,0.0
2025-11-12T18:18:42.315348,0.0,0.0
2025-11-12T18:18:42.377025,0.0,0.0
2025-11-12T18:18:43.307545,0.0,0.0
2025-11-12T18:18:43.369282,0.0,0.0
2025-11-12T18:18:44.316219,0.0,0.0
2025-11-12T18:18:44.378132,0.0,0.0
2025-11-12T18:18:45.307139,0.0,0.0
2025-11-12T18:18:45.369342,0.0,0.0
2025-11-12T18:18:46.316162,0.0,0.0
2025-11-12T18:18:46.378635,0.0,0.0
2025-11-12T18:18:47.326340,0.0,0.0
2025-11-12T18:18:47.388188,0.0,0.0
2025-11-12T18:18:48.316689,0.0,0.0
2025-11-12T18:18:48.378227,0.0,0.0
2025-11-12T18:18:49.307242,0.0,0.0
2025-11-12T18:18:49.369248,0.0,0.0
2025-11-12T18:18:50.316675,0.0,0.0
2025-11-12T18:18:50.378466,0.0,0.0
2025-11-12T18:18:51.307922,0.0,0.0
2025-11-12T18:18:51.369128,0.0,0.0
2025-11-12T18:18:52.317064,0.0,0.0
2025-11-12T18:18:52.378129,0.0,0.0
2025-11-12T18:18:53.307151,0.0,0.0
2025-11-12T18:18:53.369065,0.0,0.0
2025-11-12T18:18:54.316698,0.0,0.0
2025-11-12T18:18:54.378360,0.0,0.0
2025-11-12T18:18:55.307097,0.0,0.0
2025-11-12T18:18:55.369214,0.0,0.0
2025-11-12T18:18:56.316202,0.0,0.0
2025-11-12T18:18:56.378351,0.0,0.0
2025-11-12T18:18:57.326114,0.0,0.0
2025-11-12T18:18:57.388036,0.0,0.0
2025-11-12T18:18:58.315220,0.0,0.0
2025-11-12T18:18:58.377587,0.0,0.0
2025-11-12T18:18:59.309090,0.0,0.0
2025-11-12T18:18:59.369295,0.0,0.0
2025-11-12T18:19:00.316117,0.0,0.0
2025-11-12T18:19:00.378360,0.0,0.0
2025-11-12T18:19:01.307201,0.0,0.0
2025-11-12T18:19:01.369268,0.0,0.0
2025-11-12T18:19:02.316179,0.0,0.0
2025-11-12T18:19:02.379060,0.0,0.0
2025-11-12T18:19:03.307130,0.0,0.0
2025-11-12T18:19:03.369108,0.0,0.0
2025-11-12T18:19:04.316079,0.0,0.0
2025-11-12T18:19:04.378139,0.0,0.0
2025-11-12T18:19:05.307263,0.0,0.0
2025-11-12T18:19:05.369059,0.0,0.0
2025-11-12T18:19:06.316732,0.0,0.0
2025-11-12T18:19:06.378571,0.0,0.0
2025-11-12T18:19:07.307644,0.0,0.0
2025-11-12T18:19:07.369505,0.0,0.0
2025-11-12T18:19:08.316233,0.0,0.0
2025-11-12T18:19:08.378367,0.0,0.0
2025-11-12T18:19:09.307417,0.0,0.0
2025-11-12T18:19:09.369279,0.0,0.0
2025-11-12T18:19:10.316506,0.0,0.0
2025-11-12T18:19:10.378201,0.0,0.0
2025-11-12T18:19:11.308087,0.0,0.0
2025-11-12T18:19:11.369263,0.0,0.0
2025-11-12T18:19:12.316978,0.0,0.0
2025-11-12T18:19:12.378159,0.0,0.0
2025-11-12T18:19:13.307093,0.0,0.0
2025-11-12T18:19:13.369340,0.0,0.0
2025-11-12T18:19:14.316850,0.0,0.0
2025-11-12T18:19:14.378162,0.0,0.0
2025-11-12T18:19:15.308086,0.0,0.0
2025-11-12T18:19:15.369544,0.0,0.0
2025-11-12T18:19:16.317065,0.0,0.0
2025-11-12T18:19:16.378968,0.0,0.0
2025-11-12T18:19:17.325200,0.0,0.0
2025-11-12T18:19:17.387164,0.0,0.0
2025-11-12T18:19:18.316208,0.0,0.0
2025-11-12T18:19:18.378391,0.0,0.0
2025-11-12T18:19:35.326937,0.0,0.0
2025-11-12T18:19:35.388187,0.0,0.0
2025-11-12T18:19:36.316152,0.0,0.0
2025-11-12T18:19:36.378357,0.0,0.0
2025-11-12T18:19:37.307511,0.0,0.0
2025-11-12T18:19:37.369337,0.0,0.0
2025-11-12T18:19:38.316153,0.0,0.0
2025-11-12T18:19:38.379018,0.0,0.0
2025-11-12T18:19:39.327067,0.0,0.0
2025-11-12T18:19:39.388331,0.0,0.0
2025-11-12T18:19:40.315174,0.0,0.0
2025-11-12T18:19:40.377405,0.0,0.0
2025-11-12T18:19:41.307794,0.0,0.0
2025-11-12T18:19:41.369356,0.0,0.0
2025-11-12T18:19:42.316250,0.0,0.0
2025-11-12T18:19:42.378324,0.0,0.0
2025-11-12T18:19:43.325379,0.0,0.0
2025-11-12T18:19:43.387127,0.0,0.0
2025-11-12T18:19:44.316466,0.0,0.0
2025-11-12T18:19:44.378310,0.0,0.0
2025-11-12T18:19:45.326474,0.0,0.0
2025-11-12T18:19:45.388212,0.0,0.0
2025-11-12T18:19:46.316167,0.0,0.0
2025-11-12T18:19:46.378293,0.0,0.0
2025-11-12T18:19:47.307553,0.0,0.0
2025-11-12T18:19:47.369249,0.0,0.0
2025-11-12T18:19:48.317075,0.0,0.0
2025-11-12T18:19:48.378508,0.0,0.0
2025-11-12T18:19:49.326280,0.0,0.0
2025-11-12T18:19:49.388199,0.0,0.0
2025-11-12T18:19:50.316172,0.0,0.0
2025-11-12T18:19:50.378215,0.0,0.0
2025-11-12T18:19:51.326070,0.0,0.0
2025-11-12T18:19:51.388430,0.0,0.0
2025-11-12T18:19:52.316301,0.0,0.0
2025-11-12T18:19:52.378179,0.0,0.0
2025-11-12T18:19:53.325162,0.0,0.0
2025-11-12T18:19:53.387281,0.0,0.0
2025-11-12T18:19:54.316370,0.0,0.0
2025-11-12T18:19:54.378228,0.0,0.0
2025-11-12T18:19:55.326122,0.0,0.0
2025-11-12T18:19:55.388669,0.0,0.0
2025-11-12T18:19:56.316038,0.0,0.0
2025-11-12T18:19:56.379096,0.0,0.0
2025-11-12T18:19:57.307293,0.0,0.0
2025-11-12T18:19:57.369411,0.0,0.0
2025-11-12T18:19:58.315648,0.0,0.0
2025-11-12T18:19:58.377221,0.0,0.0
2025-11-12T18:19:59.326199,0.0,0.0
2025-11-12T18:19:59.388108,0.0,0.0
2025-11-12T18:20:00.316493,0.0,0.0
2025-11-12T18:20:00.378229,0.0,0.0
2025-11-12T18:20:01.307215,0.0,0.0
2025-11-12T18:20:01.369066,0.0,0.0
2025-11-12T18:20:02.316382,0.0,0.0
2025-11-12T18:20:02.378122,0.0,0.0
2025-11-12T18:20:03.307321,0.0,0.0
2025-11-12T18:20:03.369236,0.0,0.0
2025-11-12T18:20:04.316148,0.0,0.0
2025-11-12T18:20:04.377411,0.0,0.0
2025-11-12T18:20:05.326305,0.0,0.0
2025-11-12T18:20:05.388324,0.0,0.0
2025-11-12T18:20:06.316572,0.0,0.0
2025-11-12T18:20:06.378403,0.0,0.0
2025-11-12T18:20:07.307320,0.0,0.0
2025-11-12T18:20:07.369222,0.0,0.0
2025-11-12T18:20:08.315183,0.0,0.0
2025-11-12T18:20:08.377351,0.0,0.0
2025-11-12T18:20:09.307340,0.0,0.0
2025-11-12T18:20:09.369077,0.0,0.0
2025-11-12T18:20:10.316221,0.0,0.0
2025-11-12T18:20:10.379084,0.0,0.0
2025-11-12T18:20:11.308143,0.0,0.0
2025-11-12T18:20:11.369645,0.0,0.0
2025-11-12T18:20:12.316533,0.0,0.0
2025-11-12T18:20:12.378385,0.0,0.0
2025-11-12T18:20:13.307141,0.0,0.0
2025-11-12T18:20:13.369302,0.0,0.0
2025-11-12T18:20:14.316230,0.0,0.0
2025-11-12T18:20:14.378858,0.0,0.0
2025-11-12T18:20:15.326138,0.0,0.0
2025-11-12T18:20:15.388250,0.0,0.0
2025-11-12T18:20:16.316316,0.0,0.0
2025-11-12T18:20:16.378141,0.0,0.0
2025-11-12T18:20:17.306206,0.0,0.0
2025-11-12T18:20:17.368651,0.0,0.0
2025-11-12T18:20:18.316754,0.0,0.0
2025-11-12T18:20:18.378184,0.0,0.0
2025-11-12T18:20:19.307378,0.0,0.0
2025-11-12T18:20:19.369391,0.0,0.0
2025-11-12T18:20:20.316162,0.0,0.0
2025-11-12T18:20:20.378295,0.0,0.0
2025-11-12T18:20:21.307246,0.0,0.0
2025-11-12T18:20:21.369144,0.0,0.0
2025-11-12T18:20:22.316305,0.0,0.0
2025-11-12T18:20:22.377163,0.0,0.0
2025-11-12T18:20:23.308210,0.0,0.0
2025-11-12T18:20:23.369716,0.0,0.0
2025-11-12T18:20:24.316406,0.0,0.0
2025-11-12T18:20:24.378978,0.0,0.0
2025-11-12T18:20:25.307109,0.0,0.0
2025-11-12T18:20:25.369507,0.0,0.0
2025-11-12T18:20:26.316134,0.0,0.0
2025-11-12T18:20:26.377244,0.0,0.0
2025-11-12T18:20:27.326017,0.0,0.0
2025-11-12T18:20:27.387186,0.0,0.0
2025-11-12T18:20:28.315174,0.0,0.0
2025-11-12T18:20:28.377285,0.0,0.0
2025-11-12T18:20:29.307199,0.0,0.0
2025-11-12T18:20:29.369335,0.0,0.0
2025-11-12T18:20:30.316638,0.0,0.0
2025-11-12T18:20:30.378352,0.0,0.0
2025-11-12T18:20:31.307858,0.0,0.0
2025-11-12T18:20:31.369269,0.0,0.0
2025-11-12T18:20:32.316106,0.0,0.0
2025-11-12T18:20:32.378086,0.0,0.0
2025-11-12T18:20:33.307541,0.0,0.0
2025-11-12T18:20:33.368318,0.0,0.0
2025-11-12T18:20:34.316150,0.0,0.0
2025-11-12T18:20:34.378161,0.0,0.0
2025-11-12T18:20:35.307279,0.0,0.0
2025-11-12T18:20:35.369179,0.0,0.0
2025-11-12T18:20:36.317032,0.0,0.0
2025-11-12T18:20:36.379105,0.0,0.0
2025-11-12T18:20:37.307422,0.0,0.0
2025-11-12T18:20:37.369354,0.0,0.0
2025-11-12T18:20:38.316840,0.0,0.0
2025-11-12T18:20:38.379130,0.0,0.0
2025-11-12T18:20:39.307372,0.0,0.0
2025-11-12T18:20:39.369089,0.0,0.0
2025-11-12T18:20:40.316294,0.0,0.0
2025-11-12T18:20:40.378228,0.0,0.0
2025-11-12T18:20:41.325280,0.0,0.0
2025-11-12T18:20:41.387182,0.0,0.0
2025-11-12T18:20:42.316229,0.0,0.0
2025-11-12T18:20:42.378225,0.0,0.0
2025-11-12T18:20:43.307622,0.0,0.0
2025-11-12T18:20:43.369360,0.0,0.0
2025-11-12T18:20:44.316197,0.0,0.0
2025-11-12T18:20:44.378994,0.0,0.0
2025-11-12T18:20:45.308223,0.0,0.0
2025-11-12T18:20:45.369638,0.0,0.0
2025-11-12T18:20:46.316860,0.0,0.0
2025-11-12T18:20:46.378408,0.0,0.0
2025-11-12T18:20:47.308038,0.0,0.0
2025-11-12T18:20:47.369339,0.0,0.0
2025-11-12T18:20:48.315876,0.0,0.0
2025-11-12T18:20:48.378435,0.0,0.0
2025-11-12T18:20:49.326196,0.0,0.0
2025-11-12T18:20:49.387260,0.0,0.0
2025-11-12T18:20:50.316299,0.0,0.0
2025-11-12T18:20:50.378081,0.0,0.0
2025-11-12T18:20:51.307456,0.0,0.0
2025-11-12T18:20:51.369306,0.0,0.0
2025-11-12T18:20:52.316269,0.0,0.0
2025-11-12T18:20:52.378228,0.0,0.0
2025-11-12T18:20:53.307205,0.0,0.0
2025-11-12T18:20:53.369311,0.0,0.0
2025-11-12T18:20:54.316154,0.0,0.0
2025-11-12T18:20:54.378267,0.0,0.0
2025-11-12T18:20:55.325526,0.0,0.0
2025-11-12T18:20:55.387418,0.0,0.0
2025-11-12T18:20:56.316641,0.0,0.0
2025-11-12T18:20:56.378167,0.0,0.0
2025-11-12T18:20:57.308144,0.0,0.0
2025-11-12T18:20:57.369506,0.0,0.0
2025-11-12T18:20:58.316797,0.0,0.0
2025-11-12T18:20:58.378285,0.0,0.0
2025-11-12T18:20:59.325298,0.0,0.0
2025-11-12T18:20:59.388129,0.0,0.0
2025-11-12T18:21:00.316128,0.0,0.0
2025-11-12T18:21:00.378267,0.0,0.0
2025-11-12T18:21:01.326155,0.0,0.0
2025-11-12T18:21:01.388744,0.0,0.0
2025-11-12T18:21:02.316326,0.0,0.0
2025-11-12T18:21:02.378649,0.0,0.0
2025-11-12T18:21:03.326345,0.0,0.0
2025-11-12T18:21:03.388246,0.0,0.0
2025-11-12T18:21:04.316301,0.0,0.0
2025-11-12T18:21:04.378239,0.0,0.0
2025-11-12T18:21:05.307243,0.0,0.0
2025-11-12T18:21:05.369331,0.0,0.0
2025-11-12T18:21:06.316189,0.0,0.0
2025-11-12T18:21:06.378395,0.0,0.0
2025-11-12T18:21:07.307201,0.0,0.0
2025-11-12T18:21:07.369655,0.0,0.0
2025-11-12T18:21:08.315122,0.0,0.0
2025-11-12T18:21:08.377243,0.0,0.0
2025-11-12T18:21:09.307285,0.0,0.0
2025-11-12T18:21:09.369287,0.0,0.0
2025-11-12T18:21:10.316105,0.0,0.0
2025-11-12T18:21:10.379198,0.0,0.0
2025-11-12T18:21:11.307352,0.0,0.0
2025-11-12T18:21:11.369356,0.0,0.0
2025-11-12T18:21:12.316282,0.0,0.0
2025-11-12T18:21:12.378426,0.0,0.0
2025-11-12T18:21:13.307327,0.0,0.0
2025-11-12T18:21:13.369371,0.0,0.0
2025-11-12T18:21:14.316472,0.0,0.0
2025-11-12T18:21:14.378999,0.0,0.0
2025-11-12T18:21:15.308082,0.0,0.0
2025-11-12T18:21:15.369413,0.0,0.0
2025-11-12T18:21:16.316221,0.0,0.0
2025-11-12T18:21:16.378380,0.0,0.0
2025-11-12T18:21:17.325409,0.0,0.0
2025-11-12T18:21:17.387369,0.0,0.0
2025-11-12T18:21:18.316239,0.0,0.0
2025-11-12T18:21:18.378369,0.0,0.0
2025-11-12T18:21:19.307193,0.0,0.0
2025-11-12T18:21:19.369340,0.0,0.0
2025-11-12T18:21:20.315341,0.0,0.0
2025-11-12T18:21:20.377408,0.0,0.0
2025-11-12T18:21:21.307555,0.0,0.0
2025-11-12T18:21:21.369253,0.0,0.0
2025-11-12T18:21:22.316591,0.0,0.0
2025-11-12T18:21:22.378059,0.0,0.0
2025-11-12T18:21:23.308090,0.0,0.0
2025-11-12T18:21:23.369204,0.0,0.0
2025-11-12T18:21:24.315224,0.0,0.0
2025-11-12T18:21:24.377276,0.0,0.0
2025-11-12T18:21:25.326591,0.0,0.0
2025-11-12T18:21:25.388223,0.0,0.0
2025-11-12T18:21:26.316348,0.0,0.0
2025-11-12T18:21:26.378225,0.0,0.0
2025-11-12T18:21:27.307105,0.0,0.0
2025-11-12T18:21:27.369159,0.0,0.0
2025-11-12T18:21:28.316222,0.0,0.0
2025-11-12T18:21:28.378277,0.0,0.0
2025-11-12T18:21:29.308417,0.0,0.0
2025-11-12T18:21:29.370280,0.0,0.0
2025-11-12T18:21:30.326097,0.0,0.0
2025-11-12T18:21:30.388169,0.0,0.0
2025-11-12T18:21:31.316175,0.0,0.0
2025-11-12T18:21:31.378198,0.0,0.0
2025-11-12T18:21:32.326366,0.0,0.0
2025-11-12T18:21:32.388330,0.0,0.0
2025-11-12T18:21:33.316333,0.0,0.0
2025-11-12T18:21:33.378128,0.0,0.0
2025-11-12T18:21:34.307144,0.0,0.0
2025-11-12T18:21:34.369013,0.0,0.0
2025-11-12T18:21:35.316195,0.0,0.0
2025-11-12T18:21:35.378183,0.0,0.0
2025-11-12T18:21:36.326363,0.0,0.0
2025-11-12T18:21:36.388102,0.0,0.0
2025-11-12T18:21:37.316233,0.0,0.0
2025-11-12T18:21:37.378133,0.0,0.0
2025-11-12T18:21:38.326023,0.0,0.0
2025-11-12T18:21:38.388163,0.0,0.0
2025-11-12T18:21:39.316164,0.0,0.0
2025-11-12T18:21:39.378174,0.0,0.0
2025-11-12T18:21:40.326614,0.0,0.0
2025-11-12T18:21:40.388335,0.0,0.0
2025-11-12T18:21:41.316176,0.0,0.0
2025-11-12T18:21:41.378361,0.0,0.0
2025-11-12T18:21:42.326281,0.0,0.0
2025-11-12T18:21:42.388168,0.0,0.0
2025-11-12T18:21:43.316176,0.0,0.0
2025-11-12T18:21:43.378155,0.0,0.0
2025-11-12T18:21:44.312149,0.0,0.0
2025-11-12T18:21:44.374149,0.0,0.0
2025-11-12T18:21:45.329244,0.0,0.0
2025-11-12T18:21:45.391127,0.0,0.0
2025-11-12T18:21:46.311271,0.0,0.0
2025-11-12T18:21:46.373233,0.0,0.0
2025-11-12T18:21:47.311149,0.0,0.0
2025-11-12T18:21:47.373204,0.0,0.0
2025-11-12T18:21:48.312103,0.0,0.0
2025-11-12T18:21:48.374048,0.0,0.0
2025-11-12T18:21:49.312212,0.0,0.0
2025-11-12T18:21:49.374163,0.0,0.0
2025-11-12T18:21:50.311287,0.0,0.0
2025-11-12T18:21:50.373160,0.0,0.0
2025-11-12T18:21:51.329259,0.0,0.0
2025-11-12T18:21:51.391138,0.0,0.0
2025-11-12T18:21:52.311197,0.0,0.0
2025-11-12T18:21:52.373105,0.0,0.0
2025-11-12T18:21:53.311212,0.0,0.0
2025-11-12T18:21:53.373204,0.0,0.0
2025-11-12T18:21:54.312208,0.0,0.0
2025-11-12T18:21:54.374145,0.0,0.0
2025-11-12T18:21:55.310210,0.0,0.0
2025-11-12T18:21:55.372336,0.0,0.0
2025-11-12T18:21:56.329204,0.0,0.0
2025-11-12T18:21:56.391203,0.0,0.0
2025-11-12T18:21:57.331409,0.0,0.0
2025-11-12T18:21:57.392366,0.0,0.0
2025-11-12T18:21:58.337136,0.0,0.0
2025-11-12T18:21:58.398285,0.0,0.0
2025-11-12T18:21:59.315039,0.0,0.0
2025-11-12T18:21:59.376292,0.0,0.0
2025-11-12T18:22:00.356512,0.0,0.0
2025-11-12T18:22:00.418195,0.0,0.0
2025-11-12T18:22:01.344318,0.0,0.0
2025-11-12T18:22:01.406167,0.0,0.0
2025-11-12T18:22:02.335242,0.0,0.0
2025-11-12T18:22:02.397317,0.0,0.0
2025-11-12T18:22:03.325173,0.0,0.0
2025-11-12T18:22:03.387457,0.0,0.0
2025-11-12T18:22:04.335398,0.0,0.0
2025-11-12T18:22:04.397397,0.0,0.0
2025-11-12T18:22:05.326417,0.0,0.0
2025-11-12T18:22:05.388365,0.0,0.0
2025-11-12T18:22:06.335409,0.0,0.0
2025-11-12T18:22:06.397325,0.0,0.0
2025-11-12T18:22:07.325258,0.0,0.0
2025-11-12T18:22:07.387413,0.0,0.0
2025-11-12T18:22:08.326699,0.0,0.0
2025-11-12T18:22:08.388519,0.0,0.0
2025-11-12T18:22:09.326379,0.0,0.0
2025-11-12T18:22:09.388135,0.0,0.0
2025-11-12T18:22:10.336131,0.0,0.0
2025-11-12T18:22:10.397232,0.0,0.0
2025-11-12T18:22:11.326164,0.0,0.0
2025-11-12T18:22:11.388245,0.0,0.0
2025-11-12T18:22:12.336209,0.0,0.0
2025-11-12T18:22:12.398248,0.0,0.0
2025-11-12T18:22:13.328353,0.0,0.0
2025-11-12T18:22:13.390386,0.0,0.0
2025-11-12T18:22:14.329469,0.0,0.0
2025-11-12T18:22:14.391233,0.0,0.0
2025-11-12T18:22:15.329246,0.0,0.0
2025-11-12T18:22:15.391212,0.0,0.0
2025-11-12T18:22:16.326064,0.0,0.0
2025-11-12T18:22:16.388630,0.0,0.0
2025-11-12T18:22:17.334753,0.0,0.0
2025-11-12T18:22:17.396368,0.0,0.0
2025-11-12T18:22:18.346258,0.0,0.0
2025-11-12T18:22:18.408436,0.0,0.0
2025-11-12T18:22:19.334075,0.0,0.0
2025-11-12T18:22:19.396718,0.0,0.0
2025-11-12T18:22:20.326423,0.0,0.0
2025-11-12T18:22:20.388380,0.0,0.0
2025-11-12T18:22:21.345092,0.0,0.0
2025-11-12T18:22:21.406131,0.0,0.0
2025-11-12T18:22:22.335303,0.0,0.0
2025-11-12T18:22:22.397383,0.0,0.0
2025-11-12T18:22:23.326569,0.0,0.0
2025-11-12T18:22:23.388314,0.0,0.0
2025-11-12T18:22:24.335171,0.0,0.0
2025-11-12T18:22:24.397332,0.0,0.0
2025-11-12T18:22:25.326223,0.0,0.0
2025-11-12T18:22:25.388175,0.0,0.0
2025-11-12T18:22:26.335340,0.0,0.0
2025-11-12T18:22:26.397256,0.0,0.0
2025-11-12T18:22:27.326310,0.0,0.0
2025-11-12T18:22:27.388304,0.0,0.0
2025-11-12T18:22:28.335377,0.0,0.0
2025-11-12T18:22:28.396206,0.0,0.0
2025-11-12T18:22:29.326288,0.0,0.0
2025-11-12T18:22:29.388137,0.0,0.0
2025-11-12T18:22:30.338245,0.0,0.0
2025-11-12T18:22:30.400092,0.0,0.0
2025-11-12T18:22:31.334299,0.0,0.0
2025-11-12T18:22:31.396272,0.0,0.0
2025-11-12T18:22:32.326317,0.0,0.0
2025-11-12T18:22:32.388269,0.0,0.0
2025-11-12T18:22:33.335270,0.0,0.0
2025-11-12T18:22:33.397207,0.0,0.0
2025-11-12T18:22:34.326062,0.0,0.0
2025-11-12T18:22:34.388320,0.0,0.0
2025-11-12T18:22:35.335338,0.0,0.0
2025-11-12T18:22:35.397217,0.0,0.0
2025-11-12T18:22:36.327259,0.0,0.0
2025-11-12T18:22:36.389085,0.0,0.0
2025-11-12T18:22:37.336234,0.0,0.0
2025-11-12T18:22:37.397316,0.0,0.0
2025-11-12T18:22:38.344204,0.0,0.0
2025-11-12T18:22:38.406071,0.0,0.0
2025-11-12T18:22:39.335213,0.0,0.0
2025-11-12T18:22:39.397210,0.0,0.0
2025-11-12T18:22:40.326084,0.0,0.0
2025-11-12T18:22:40.388226,0.0,0.0
2025-11-12T18:22:41.335151,0.0,0.0
2025-11-12T18:22:41.397075,0.0,0.0
2025-11-12T18:22:42.335326,0.0,0.0
2025-11-12T18:22:42.397199,0.0,0.0
2025-11-12T18:22:43.335084,0.0,0.0
2025-11-12T18:22:43.397084,0.0,0.0
2025-11-12T18:22:44.326083,0.0,0.0
2025-11-12T18:22:44.388088,0.0,0.0
2025-11-12T18:22:45.335293,0.0,0.0
2025-11-12T18:22:45.397230,0.0,0.0
2025-11-12T18:22:46.327170,0.0,0.0
2025-11-12T18:22:46.389141,0.0,0.0
2025-11-12T18:22:47.334170,0.0,0.0
2025-11-12T18:22:47.396297,0.0,0.0
2025-11-12T18:22:48.327244,0.0,0.0
2025-11-12T18:22:48.389220,0.0,0.0
2025-11-12T18:22:49.334178,0.0,0.0
2025-11-12T18:22:49.396306,0.0,0.0
2025-11-12T18:22:50.326212,0.0,0.0
2025-11-12T18:22:50.388224,0.0,0.0
2025-11-12T18:22:51.335103,0.0,0.0
2025-11-12T18:22:51.397180,0.0,0.0
2025-11-12T18:22:52.326311,0.0,0.0
2025-11-12T18:22:52.388295,0.0,0.0
2025-11-12T18:22:53.335273,0.0,0.0
2025-11-12T18:22:53.397099,0.0,0.0
2025-11-12T18:22:54.346298,0.0,0.0
2025-11-12T18:22:54.408304,0.0,0.0
2025-11-12T18:22:55.335310,0.0,0.0
2025-11-12T18:22:55.397204,0.0,0.0
2025-11-12T18:22:56.326164,0.0,0.0
2025-11-12T18:22:56.388268,0.0,0.0
2025-11-12T18:22:57.335182,0.0,0.0
2025-11-12T18:22:57.397158,0.0,0.0
2025-11-12T18:22:58.325161,0.0,0.0
2025-11-12T18:22:58.387062,0.0,0.0
2025-11-12T18:22:59.334168,0.0,0.0
2025-11-12T18:22:59.396117,0.0,0.0
2025-11-12T18:23:00.328334,0.0,0.0
2025-11-12T18:23:00.390447,0.0,0.0
2025-11-12T18:23:01.326493,0.0,0.0
2025-11-12T18:23:01.388329,0.0,0.0
2025-11-12T18:23:02.326422,0.0,0.0
2025-11-12T18:23:02.388258,0.0,0.0
2025-11-12T18:23:03.336411,0.0,0.0
2025-11-12T18:23:03.397512,0.0,0.0
2025-11-12T18:23:04.335192,0.0,0.0
2025-11-12T18:23:04.397260,0.0,0.0
2025-11-12T18:23:05.325456,0.0,0.0
2025-11-12T18:23:05.387409,0.0,0.0
2025-11-12T18:23:06.343185,0.0,0.0
2025-11-12T18:23:06.405394,0.0,0.0
2025-11-12T18:23:07.335502,0.0,0.0
2025-11-12T18:23:07.397376,0.0,0.0
2025-11-12T18:23:08.326218,0.0,0.0
2025-11-12T18:23:08.388451,0.0,0.0
2025-11-12T18:23:09.334859,0.0,0.0
2025-11-12T18:23:09.396308,0.0,0.0
2025-11-12T18:23:10.326224,0.0,0.0
2025-11-12T18:23:10.388118,0.0,0.0
2025-11-12T18:23:11.334069,0.0,0.0
2025-11-12T18:23:11.396141,0.0,0.0
2025-11-12T18:23:12.335242,0.0,0.0
2025-11-12T18:23:12.397336,0.0,0.0
2025-11-12T18:23:13.326117,0.0,0.0
2025-11-12T18:23:13.388108,0.0,0.0
2025-11-12T18:23:14.334169,0.0,0.0
2025-11-12T18:23:14.396168,0.0,0.0
2025-11-12T18:23:15.326293,0.0,0.0
2025-11-12T18:23:15.388166,0.0,0.0
2025-11-12T18:23:16.335308,0.0,0.0
2025-11-12T18:23:16.397294,0.0,0.0
2025-11-12T18:23:17.326095,0.0,0.0
2025-11-12T18:23:17.388173,0.0,0.0
2025-11-12T18:23:18.336280,0.0,0.0
2025-11-12T18:23:18.398241,0.0,0.0
2025-11-12T18:23:19.326281,0.0,0.0
2025-11-12T18:23:19.388301,0.0,0.0
2025-11-12T18:23:20.334336,0.0,0.0
2025-11-12T18:23:20.396297,0.0,0.0
2025-11-12T18:23:21.325202,0.0,0.0
2025-11-12T18:23:21.387095,0.0,0.0
2025-11-12T18:23:22.334285,0.0,0.0
2025-11-12T18:23:22.396273,0.0,0.0
2025-11-12T18:23:23.326178,0.0,0.0
2025-11-12T18:23:23.388282,0.0,0.0
2025-11-12T18:23:24.336187,0.0,0.0
2025-11-12T18:23:24.398358,0.0,0.0
2025-11-12T18:23:25.335214,0.0,0.0
2025-11-12T18:23:25.397451,0.0,0.0
2025-11-12T18:23:26.325400,0.0,0.0
2025-11-12T18:23:26.387126,0.0,0.0
2025-11-12T18:23:27.335149,0.0,0.0
2025-11-12T18:23:27.397255,0.0,0.0
2025-11-12T18:23:28.326192,0.0,0.0
2025-11-12T18:23:28.388327,0.0,0.0
2025-11-12T18:23:29.334298,0.0,0.0
2025-11-12T18:23:29.397092,0.0,0.0
2025-11-12T18:23:30.327525,0.0,0.0
2025-11-12T18:23:30.389322,0.0,0.0
2025-11-12T18:23:31.335471,0.0,0.0
2025-11-12T18:23:31.398009,0.0,0.0
2025-11-12T18:23:32.327210,0.0,0.0
2025-11-12T18:23:32.388223,0.0,0.0
2025-11-12T18:23:33.334707,0.0,0.0
2025-11-12T18:23:33.396504,0.0,0.0
2025-11-12T18:23:34.327068,0.0,0.0
2025-11-12T18:23:34.388337,0.0,0.0
2025-11-12T18:23:35.335700,0.0,0.0
2025-11-12T18:23:35.397268,0.0,0.0
2025-11-12T18:23:36.327152,0.0,0.0
2025-11-12T18:23:36.389175,0.0,0.0
2025-11-12T18:23:37.334442,0.0,0.0
2025-11-12T18:23:37.396345,0.0,0.0
2025-11-12T18:23:38.325423,0.0,0.0
2025-11-12T18:23:38.387377,0.0,0.0
2025-11-12T18:23:39.334252,0.0,0.0
2025-11-12T18:23:39.396348,0.0,0.0
2025-11-12T18:23:40.326333,0.0,0.0
2025-11-12T18:23:40.388718,0.0,0.0
2025-11-12T18:23:41.334273,0.0,0.0
2025-11-12T18:23:41.396436,0.0,0.0
2025-11-12T18:23:42.327227,0.0,0.0
2025-11-12T18:23:42.388477,0.0,0.0
2025-11-12T18:23:43.335561,0.0,0.0
2025-11-12T18:23:43.397341,0.0,0.0
2025-11-12T18:23:44.326266,0.0,0.0
2025-11-12T18:23:44.389071,0.0,0.0
2025-11-12T18:23:45.335470,0.0,0.0
2025-11-12T18:23:45.397474,0.0,0.0
2025-11-12T18:23:46.335709,0.0,0.0
2025-11-12T18:23:46.397430,0.0,0.0
2025-11-12T18:23:47.344735,0.0,0.0
2025-11-12T18:23:47.406632,0.0,0.0
2025-11-12T18:23:48.335252,0.0,0.0
2025-11-12T18:23:48.397373,0.0,0.0
2025-11-12T18:23:49.326318,0.0,0.0
2025-11-12T18:23:49.389225,0.0,0.0
2025-11-12T18:23:50.338428,0.0,0.0
2025-11-12T18:23:50.398682,0.0,0.0
2025-11-12T18:23:51.327168,0.0,0.0
2025-11-12T18:23:51.388386,0.0,0.0
2025-11-12T18:23:52.334412,0.0,0.0
2025-11-12T18:23:52.396215,0.0,0.0
2025-11-12T18:23:53.326466,0.0,0.0
2025-11-12T18:23:53.388313,0.0,0.0
2025-11-12T18:23:54.334212,0.0,0.0
2025-11-12T18:23:54.396511,0.0,0.0
2025-11-12T18:23:55.325632,0.0,0.0
2025-11-12T18:23:55.387353,0.0,0.0
2025-11-12T18:23:56.336118,0.0,0.0
2025-11-12T18:23:56.397357,0.0,0.0
2025-11-12T18:23:57.326731,0.0,0.0
2025-11-12T18:23:57.388452,0.0,0.0
2025-11-12T18:23:58.334727,0.0,0.0
2025-11-12T18:23:58.396431,0.0,0.0
2025-11-12T18:23:59.326344,0.0,0.0
2025-11-12T18:23:59.388446,0.0,0.0
2025-11-12T18:24:00.335114,0.0,0.0
2025-11-12T18:24:00.397368,0.0,0.0
2025-11-12T18:24:01.325734,0.0,0.0
2025-11-12T18:24:01.387706,0.0,0.0
2025-11-12T18:24:02.335379,0.0,0.0
2025-11-12T18:24:02.397346,0.0,0.0
2025-11-12T18:24:03.326257,0.0,0.0
2025-11-12T18:24:03.388354,0.0,0.0
2025-11-12T18:24:04.336463,0.0,0.0
2025-11-12T18:24:04.397198,0.0,0.0
2025-11-12T18:24:05.326694,0.0,0.0
2025-11-12T18:24:05.388431,0.0,0.0
2025-11-12T18:24:06.335824,0.0,0.0
2025-11-12T18:24:06.397273,0.0,0.0
2025-11-12T18:24:07.335423,0.0,0.0
2025-11-12T18:24:07.397413,0.0,0.0
2025-11-12T18:24:08.327116,0.0,0.0
2025-11-12T18:24:08.388572,0.0,0.0
2025-11-12T18:24:09.334711,0.0,0.0
2025-11-12T18:24:09.396161,0.0,0.0
2025-11-12T18:24:10.326484,0.0,0.0
2025-11-12T18:24:10.389260,0.0,0.0
2025-11-12T18:24:11.326804,0.0,0.0
2025-11-12T18:24:11.388217,0.0,0.0
2025-11-12T18:24:12.335161,0.0,0.0
2025-11-12T18:24:12.397264,0.0,0.0
2025-11-12T18:24:13.326530,0.0,0.0
2025-11-12T18:24:13.388376,0.0,0.0
2025-11-12T18:24:14.334381,0.0,0.0
2025-11-12T18:24:14.396202,0.0,0.0
2025-11-12T18:24:15.326104,0.0,0.0
2025-11-12T18:24:15.388284,0.0,0.0
2025-11-12T18:24:16.334254,0.0,0.0
2025-11-12T18:24:16.396202,0.0,0.0
2025-11-12T18:24:17.326237,0.0,0.0
2025-11-12T18:24:17.388247,0.0,0.0
2025-11-12T18:24:18.336277,0.0,0.0
2025-11-12T18:24:18.398474,0.0,0.0
2025-11-12T18:24:19.326288,0.0,0.0
2025-11-12T18:24:19.388492,0.0,0.0
2025-11-12T18:24:20.336227,0.0,0.0
2025-11-12T18:24:20.397605,0.0,0.0
2025-11-12T18:24:21.326289,0.0,0.0
2025-11-12T18:24:21.388220,0.0,0.0
2025-11-12T18:24:22.335324,0.0,0.0
2025-11-12T18:24:22.397347,0.0,0.0
2025-11-12T18:24:23.326333,0.0,0.0
2025-11-12T18:24:23.388613,0.0,0.0
2025-11-12T18:24:24.334337,0.0,0.0
2025-11-12T18:24:24.396447,0.0,0.0
2025-11-12T18:24:25.325427,0.0,0.0
2025-11-12T18:24:25.387396,0.0,0.0
2025-11-12T18:24:26.335265,0.0,0.0
2025-11-12T18:24:26.396255,0.0,0.0
2025-11-12T18:24:27.326277,0.0,0.0
2025-11-12T18:24:27.388407,0.0,0.0
2025-11-12T18:24:28.343176,0.0,0.0
2025-11-12T18:24:28.405343,0.0,0.0
2025-11-12T18:24:29.334240,0.0,0.0
2025-11-12T18:24:29.397065,0.0,0.0
2025-11-12T18:24:30.327201,0.0,0.0
2025-11-12T18:24:30.388451,0.0,0.0
2025-11-12T18:24:31.336068,0.0,0.0
2025-11-12T18:24:31.397128,0.0,0.0
2025-11-12T18:24:32.344453,0.0,0.0
2025-11-12T18:24:32.406582,0.0,0.0
2025-11-12T18:24:33.334322,0.0,0.0
2025-11-12T18:24:33.396278,0.0,0.0
2025-11-12T18:24:34.327057,0.0,0.0
2025-11-12T18:24:34.389191,0.0,0.0
2025-11-12T18:24:35.335146,0.0,0.0
2025-11-12T18:24:35.397232,0.0,0.0
2025-11-12T18:24:36.326607,0.0,0.0
2025-11-12T18:24:36.388333,0.0,0.0
2025-11-12T18:24:37.334287,0.0,0.0
2025-11-12T18:24:37.396441,0.0,0.0
2025-11-12T18:24:38.326291,0.0,0.0
2025-11-12T18:24:38.388365,0.0,0.0
2025-11-12T18:24:39.336038,0.0,0.0
2025-11-12T18:24:39.397188,0.0,0.0
2025-11-12T18:24:40.326219,0.0,0.0
2025-11-12T18:24:40.388473,0.0,0.0
2025-11-12T18:24:41.334278,0.0,0.0
2025-11-12T18:24:41.397432,0.0,0.0
2025-11-12T18:24:42.327188,0.0,0.0
2025-11-12T18:24:42.388448,0.0,0.0
2025-11-12T18:24:43.334649,0.0,0.0
2025-11-12T18:24:43.396155,0.0,0.0
2025-11-12T18:24:44.327402,0.0,0.0
2025-11-12T18:24:44.388408,0.0,0.0
2025-11-12T18:24:45.334295,0.0,0.0
2025-11-12T18:24:45.396276,0.0,0.0
2025-11-12T18:24:46.327571,0.0,0.0
2025-11-12T18:24:46.388499,0.0,0.0
2025-11-12T18:24:47.335434,0.0,0.0
2025-11-12T18:24:47.397670,0.0,0.0
2025-11-12T18:24:48.326293,0.0,0.0
2025-11-12T18:24:48.388373,0.0,0.0
2025-11-12T18:24:49.343331,0.0,0.0
2025-11-12T18:24:49.405279,0.0,0.0
2025-11-12T18:24:50.334802,0.0,0.0
2025-11-12T18:24:50.396346,0.0,0.0
2025-11-12T18:24:51.344424,0.0,0.0
2025-11-12T18:24:51.406251,0.0,0.0
2025-11-12T18:24:52.335615,0.0,0.0
2025-11-12T18:24:52.397383,0.0,0.0
2025-11-12T18:24:53.325296,0.0,0.0
2025-11-12T18:24:53.387414,0.0,0.0
2025-11-12T18:24:54.336085,0.0,0.0
2025-11-12T18:24:54.398101,0.0,0.0
2025-11-12T18:24:55.326791,0.0,0.0
2025-11-12T18:24:55.389383,0.0,0.0
2025-11-12T18:24:56.335670,0.0,0.0
2025-11-12T18:24:56.397395,0.0,0.0
2025-11-12T18:24:57.326632,0.0,0.0
2025-11-12T18:24:57.388623,0.0,0.0
2025-11-12T18:24:58.334440,0.0,0.0
2025-11-12T18:24:58.396285,0.0,0.0
2025-11-12T18:24:59.326681,0.0,0.0
2025-11-12T18:24:59.388205,0.0,0.0
2025-11-12T18:25:00.335388,0.0,0.0
2025-11-12T18:25:00.397407,0.0,0.0
2025-11-12T18:25:01.327339,0.0,0.0
2025-11-12T18:25:01.388273,0.0,0.0
2025-11-12T18:25:02.334545,0.0,0.0
2025-11-12T18:25:02.396250,0.0,0.0
2025-11-12T18:25:03.327201,0.0,0.0
2025-11-12T18:25:03.388343,0.0,0.0
2025-11-12T18:25:04.334221,0.0,0.0
2025-11-12T18:25:04.396384,0.0,0.0
2025-11-12T18:25:05.326436,0.0,0.0
2025-11-12T18:25:05.388463,0.0,0.0
2025-11-12T18:25:06.335305,0.0,0.0
2025-11-12T18:25:06.397563,0.0,0.0
2025-11-12T18:25:07.326424,0.0,0.0
2025-11-12T18:25:07.388343,0.0,0.0
2025-11-12T18:25:08.334324,0.0,0.0
2025-11-12T18:25:08.396356,0.0,0.0
2025-11-12T18:25:09.326356,0.0,0.0
2025-11-12T18:25:09.388415,0.0,0.0
2025-11-12T18:25:10.345139,0.0,0.0
2025-11-12T18:25:10.406427,0.0,0.0
2025-11-12T18:25:11.335774,0.0,0.0
2025-11-12T18:25:11.398304,0.0,0.0
2025-11-12T18:25:12.327270,0.0,0.0
2025-11-12T18:25:12.389376,0.0,0.0
2025-11-12T18:25:13.341342,0.0,0.0
2025-11-12T18:25:13.403464,0.0,0.0
2025-11-12T18:25:14.334672,0.0,0.0
2025-11-12T18:25:14.397049,0.0,0.0
2025-11-12T18:25:15.325268,0.0,0.0
2025-11-12T18:25:15.387417,0.0,0.0
2025-11-12T18:25:16.334833,0.0,0.0
2025-11-12T18:25:16.396251,0.0,0.0
2025-11-12T18:25:17.325790,0.0,0.0
2025-11-12T18:25:17.388112,0.0,0.0
2025-11-12T18:25:18.334410,0.0,0.0
2025-11-12T18:25:18.396358,0.0,0.0
2025-11-12T18:25:19.327744,0.0,0.0
2025-11-12T18:25:19.388261,0.0,0.0
2025-11-12T18:25:20.334183,0.0,0.0
2025-11-12T18:25:20.396420,0.0,0.0
2025-11-12T18:25:21.325500,0.0,0.0
2025-11-12T18:25:21.387285,0.0,0.0
2025-11-12T18:25:22.334279,0.0,0.0
2025-11-12T18:25:22.396215,0.0,0.0
2025-11-12T18:25:23.344211,0.0,0.0
2025-11-12T18:25:23.407088,0.0,0.0
2025-11-12T18:25:24.335404,0.0,0.0
2025-11-12T18:25:24.397253,0.0,0.0
2025-11-12T18:25:25.326418,0.0,0.0
2025-11-12T18:25:25.388178,0.0,0.0
2025-11-12T18:25:26.335321,0.0,0.0
2025-11-12T18:25:26.397276,0.0,0.0
2025-11-12T18:25:27.326387,0.0,0.0
2025-11-12T18:25:27.388260,0.0,0.0
2025-11-12T18:25:28.335186,0.0,0.0
2025-11-12T18:25:28.396240,0.0,0.0
2025-11-12T18:25:29.326357,0.0,0.0
2025-11-12T18:25:29.388395,0.0,0.0
2025-11-12T18:25:30.334380,0.0,0.0
2025-11-12T18:25:30.396219,0.0,0.0
2025-11-12T18:25:31.354455,0.0,0.0
2025-11-12T18:25:31.416178,0.0,0.0
2025-11-12T18:25:32.325326,0.0,0.0
2025-11-12T18:25:32.387544,0.0,0.0
2025-11-12T18:25:33.335214,0.0,0.0
2025-11-12T18:29:46.696465,0.0,0.0
2025-11-12T18:29:46.697317,0.0,0.0
2025-11-12T18:29:46.698361,0.0,0.0
2025-11-12T18:29:46.708566,0.0,0.0
2025-11-12T18:29:46.716844,0.0,0.0
2025-11-12T18:29:46.717572,0.0,0.0
2025-11-12T18:29:46.718417,0.0,0.0
2025-11-12T18:29:46.719150,0.0,0.0
2025-11-12T18:29:46.719990,0.0,0.0
2025-11-12T18:29:46.720740,0.0,0.0
2025-11-12T18:29:46.721601,0.0,0.0
2025-11-12T18:29:46.722479,0.0,0.0
2025-11-12T18:29:46.723409,0.0,0.0
2025-11-12T18:29:46.724158,0.0,0.0
2025-11-12T18:29:46.725182,0.0,0.0
2025-11-12T18:29:46.726003,0.0,0.0
2025-11-12T18:29:46.726867,0.0,0.0
2025-11-12T18:29:46.727519,0.0,0.0
2025-11-12T18:29:46.740501,0.0,0.0
2025-11-12T18:29:46.741251,0.0,0.0
2025-11-12T18:29:46.742159,0.0,0.0
2025-11-12T18:29:46.742839,0.0,0.0
2025-11-12T18:29:46.743633,0.0,0.0
2025-11-12T18:29:46.744286,0.0,0.0
2025-11-12T18:29:46.745143,0.0,0.0
2025-11-12T18:29:46.745828,0.0,0.0
2025-11-12T18:29:46.746684,0.0,0.0
2025-11-12T18:29:46.747348,0.0,0.0
2025-11-12T18:29:46.748187,0.0,0.0
2025-11-12T18:29:46.749014,0.0,0.0
2025-11-12T18:29:46.749890,0.0,0.0
2025-11-12T18:29:46.750609,0.0,0.0
2025-11-12T18:29:46.754906,0.0,0.0
2025-11-12T18:29:46.755613,0.0,0.0
2025-11-12T18:29:46.756781,0.0,0.0
2025-11-12T18:29:46.757437,0.0,0.0
2025-11-12T18:29:46.758463,0.0,0.0
2025-11-12T18:29:46.759146,0.0,0.0
2025-11-12T18:29:46.759981,0.0,0.0
2025-11-12T18:29:46.809117,0.0,0.0
2025-11-12T18:29:46.810066,0.0,0.0
2025-11-12T18:29:46.810787,0.0,0.0
2025-11-12T18:29:46.811690,0.0,0.0
2025-11-12T18:29:46.812416,0.0,0.0
2025-11-12T18:29:46.813371,0.0,0.0
2025-11-12T18:29:46.814066,0.0,0.0
2025-11-12T18:29:46.814946,0.0,0.0
2025-11-12T18:29:46.815650,0.0,0.0
2025-11-12T18:29:46.816767,0.0,0.0
2025-11-12T18:29:46.817464,0.0,0.0
2025-11-12T18:29:46.860575,0.0,0.0
2025-11-12T18:29:46.861482,0.0,0.0
2025-11-12T18:29:46.862418,0.0,0.0
2025-11-12T18:29:46.863392,0.0,0.0
2025-11-12T18:29:46.864390,0.0,0.0
2025-11-12T18:29:46.865076,0.0,0.0
2025-11-12T18:29:46.865997,0.0,0.0
2025-11-12T18:29:46.866813,0.0,0.0
2025-11-12T18:29:46.867710,0.0,0.0
2025-11-12T18:29:46.868402,0.0,0.0
2025-11-12T18:29:46.869275,0.0,0.0
2025-11-12T18:29:46.869967,0.0,0.0
2025-11-12T18:29:46.870841,0.0,0.0
2025-11-12T18:29:46.871550,0.0,0.0
2025-11-12T18:29:46.872404,0.0,0.0
2025-11-12T18:29:46.873090,0.0,0.0
2025-11-12T18:29:46.873935,0.0,0.0
2025-11-12T18:29:46.874611,0.0,0.0
2025-11-12T18:29:46.875465,0.0,0.0
2025-11-12T18:29:46.876161,0.0,0.0
2025-11-12T18:29:46.900694,0.0,0.0
2025-11-12T18:29:46.902538,0.0,0.0
2025-11-12T18:29:46.903360,0.0,0.0
2025-11-12T18:29:46.904384,0.0,0.0
2025-11-12T18:29:46.905125,0.0,0.0
2025-11-12T18:29:46.905589,0.0,0.0
2025-11-12T18:29:46.906140,0.0,0.0
2025-11-12T18:29:46.906593,0.0,0.0
2025-11-12T18:29:46.907157,0.0,0.0
2025-11-12T18:29:46.907597,0.0,0.0
2025-11-12T18:29:46.908165,0.0,0.0
2025-11-12T18:29:46.908619,0.0,0.0
2025-11-12T18:29:46.909168,0.0,0.0
2025-11-12T18:29:46.909613,0.0,0.0
2025-11-12T18:29:46.910165,0.0,0.0
2025-11-12T18:29:46.910641,0.0,0.0
2025-11-12T18:29:46.911553,0.0,0.0
2025-11-12T18:29:46.912435,0.0,0.0
2025-11-12T18:29:46.913552,0.0,0.0
2025-11-12T18:29:46.914553,0.0,0.0
2025-11-12T18:29:46.915733,0.0,0.0
2025-11-12T18:29:46.924570,0.0,0.0
2025-11-12T18:29:46.932102,0.0,0.0
2025-11-12T18:29:46.937068,0.0,0.0
2025-11-12T18:29:46.938824,0.0,0.0
2025-11-12T18:29:46.939728,0.0,0.0
2025-11-12T18:29:46.941058,0.0,0.0
2025-11-12T18:29:46.941674,0.0,0.0
2025-11-12T18:29:46.943879,0.0,0.0
2025-11-12T18:29:46.944644,0.0,0.0
2025-11-12T18:29:46.945673,0.0,0.0
2025-11-12T18:29:46.946485,0.0,0.0
2025-11-12T18:29:46.947414,0.0,0.0
2025-11-12T18:29:46.953663,0.0,0.0
2025-11-12T18:29:46.957991,0.0,0.0
2025-11-12T18:29:46.965407,0.0,0.0
2025-11-12T18:29:46.966906,0.0,0.0
2025-11-12T18:29:46.967748,0.0,0.0
2025-11-12T18:29:46.968766,0.0,0.0
2025-11-12T18:29:46.969709,0.0,0.0
2025-11-12T18:29:47.056679,0.0,0.0
2025-11-12T18:29:47.058426,0.0,0.0
2025-11-12T18:29:47.059688,0.0,0.0
2025-11-12T18:29:47.061166,0.0,0.0
2025-11-12T18:29:47.062417,0.0,0.0
2025-11-12T18:29:47.063282,0.0,0.0
2025-11-12T18:29:47.064312,0.0,0.0
2025-11-12T18:29:47.065141,0.0,0.0
2025-11-12T18:29:47.066037,0.0,0.0
2025-11-12T18:29:47.066793,0.0,0.0
2025-11-12T18:29:47.068106,0.0,0.0
2025-11-12T18:29:47.074448,0.0,0.0
2025-11-12T18:29:47.083958,0.0,0.0
2025-11-12T18:29:47.084855,0.0,0.0
2025-11-12T18:29:47.085973,0.0,0.0
2025-11-12T18:29:47.086774,0.0,0.0
2025-11-12T18:29:47.088156,0.0,0.0
2025-11-12T18:29:47.089517,0.0,0.0
2025-11-12T18:29:47.090632,0.0,0.0
2025-11-12T18:29:47.091612,0.0,0.0
2025-11-12T18:29:47.095004,0.0,0.0
2025-11-12T18:29:47.096424,0.0,0.0
2025-11-12T18:29:47.097995,0.0,0.0
2025-11-12T18:29:47.099172,0.0,0.0
2025-11-12T18:29:47.100758,0.0,0.0
2025-11-12T18:29:47.102654,0.0,0.0
2025-11-12T18:29:47.108121,0.0,0.0
2025-11-12T18:29:47.109379,0.0,0.0
2025-11-12T18:29:47.110700,0.0,0.0
2025-11-12T18:29:47.111504,0.0,0.0
2025-11-12T18:29:47.112524,0.0,0.0
2025-11-12T18:29:47.114336,0.0,0.0
2025-11-12T18:29:47.115673,0.0,0.0
2025-11-12T18:29:47.117766,0.0,0.0
2025-11-12T18:29:47.119273,0.0,0.0
2025-11-12T18:29:47.120080,0.0,0.0
2025-11-12T18:29:47.121886,0.0,0.0
2025-11-12T18:29:47.126167,0.0,0.0
2025-11-12T18:29:47.127511,0.0,0.0
2025-11-12T18:29:47.128722,0.0,0.0
2025-11-12T18:29:47.135213,0.0,0.0
2025-11-12T18:29:47.137040,0.0,0.0
2025-11-12T18:29:47.138589,0.0,0.0
2025-11-12T18:29:47.140034,0.0,0.0
2025-11-12T18:29:47.142775,0.0,0.0
2025-11-12T18:29:47.146234,0.0,0.0
2025-11-12T18:29:47.148492,0.0,0.0
2025-11-12T18:29:47.149658,0.0,0.0
2025-11-12T18:29:47.150723,0.0,0.0
2025-11-12T18:29:47.151540,0.0,0.0
2025-11-12T18:29:47.153805,0.0,0.0
2025-11-12T18:29:47.167479,0.0,0.0
2025-11-12T18:29:47.175750,0.0,0.0
2025-11-12T18:29:47.205898,0.0,0.0
2025-11-12T18:29:47.206937,0.0,0.0
2025-11-12T18:29:47.207671,0.0,0.0
2025-11-12T18:29:47.208554,0.0,0.0
2025-11-12T18:29:47.210480,0.0,0.0
2025-11-12T18:29:47.211986,0.0,0.0
2025-11-12T18:29:47.215315,0.0,0.0
2025-11-12T18:29:47.216816,0.0,0.0
2025-11-12T18:29:47.218640,0.0,0.0
2025-11-12T18:29:47.221259,0.0,0.0
2025-11-12T18:29:47.222712,0.0,0.0
2025-11-12T18:29:47.224925,0.0,0.0
2025-11-12T18:29:47.225698,0.0,0.0
2025-11-12T18:29:47.226587,0.0,0.0
2025-11-12T18:29:47.227336,0.0,0.0
2025-11-12T18:29:47.228227,0.0,0.0
2025-11-12T18:29:47.254784,0.0,0.0
2025-11-12T18:29:47.255793,0.0,0.0
2025-11-12T18:29:47.256566,0.0,0.0
2025-11-12T18:29:47.257518,0.0,0.0
2025-11-12T18:29:47.260220,0.0,0.0
2025-11-12T18:29:47.261174,0.0,0.0
2025-11-12T18:29:47.261999,0.0,0.0
2025-11-12T18:29:47.265513,0.0,0.0
2025-11-12T18:29:47.267531,0.0,0.0
2025-11-12T18:29:47.271366,0.0,0.0
2025-11-12T18:29:47.277419,0.0,0.0
2025-11-12T18:29:47.278666,0.0,0.0
2025-11-12T18:29:47.281242,0.0,0.0
2025-11-12T18:29:47.282176,0.0,0.0
2025-11-12T18:29:47.294738,0.0,0.0
2025-11-12T18:29:47.297676,0.0,0.0
2025-11-12T18:29:47.300394,0.0,0.0
2025-11-12T18:29:47.304099,0.0,0.0
2025-11-12T18:29:47.304948,0.0,0.0
2025-11-12T18:29:47.306565,0.0,0.0
2025-11-12T18:29:47.307497,0.0,0.0
2025-11-12T18:29:47.308988,0.0,0.0
2025-11-12T18:29:47.309895,0.0,0.0
2025-11-12T18:29:47.311436,0.0,0.0
2025-11-12T18:29:47.323486,0.0,0.0
2025-11-12T18:29:47.324491,0.0,0.0
2025-11-12T18:29:47.325317,0.0,0.0
2025-11-12T18:29:47.326317,0.0,0.0
2025-11-12T18:29:47.341469,0.0,0.0
2025-11-12T18:29:47.342806,0.0,0.0
2025-11-12T18:29:47.343621,0.0,0.0
2025-11-12T18:29:47.344813,0.0,0.0
2025-11-12T18:29:47.347015,0.0,0.0
2025-11-12T18:29:47.349010,0.0,0.0
2025-11-12T18:29:47.350906,0.0,0.0
2025-11-12T18:29:47.352449,0.0,0.0
2025-11-12T18:29:47.354214,0.0,0.0
2025-11-12T18:29:47.355872,0.0,0.0
2025-11-12T18:29:47.356629,0.0,0.0
2025-11-12T18:29:47.357671,0.0,0.0
2025-11-12T18:29:47.359909,0.0,0.0
2025-11-12T18:29:47.364136,0.0,0.0
2025-11-12T18:29:47.365441,0.0,0.0
2025-11-12T18:29:47.373043,0.0,0.0
2025-11-12T18:29:47.374995,0.0,0.0
2025-11-12T18:29:47.376105,0.0,0.0
2025-11-12T18:29:47.378068,0.0,0.0
2025-11-12T18:29:47.387704,0.0,0.0
2025-11-12T18:29:47.388632,0.0,0.0
2025-11-12T18:29:47.389661,0.0,0.0
2025-11-12T18:29:47.390460,0.0,0.0
2025-11-12T18:29:47.391477,0.0,0.0
2025-11-12T18:29:47.392251,0.0,0.0
2025-11-12T18:29:47.393197,0.0,0.0
2025-11-12T18:29:47.394063,0.0,0.0
2025-11-12T18:29:47.399551,0.0,0.0
2025-11-12T18:29:47.406248,0.0,0.0
2025-11-12T18:29:47.415952,0.0,0.0
2025-11-12T18:29:47.417025,0.0,0.0
2025-11-12T18:29:47.420377,0.0,0.0
2025-11-12T18:29:47.427607,0.0,0.0
2025-11-12T18:29:47.431594,0.0,0.0
2025-11-12T18:29:47.432958,0.0,0.0
2025-11-12T18:29:47.434878,0.0,0.0
2025-11-12T18:29:47.436109,0.0,0.0
2025-11-12T18:29:47.437113,0.0,0.0
2025-11-12T18:29:47.438054,0.0,0.0
2025-11-12T18:29:47.439470,0.0,0.0
2025-11-12T18:29:47.440801,0.0,0.0
2025-11-12T18:29:47.443752,0.0,0.0
2025-11-12T18:29:47.454366,0.0,0.0
2025-11-12T18:29:47.456148,0.0,0.0
2025-11-12T18:29:47.457956,0.0,0.0
2025-11-12T18:29:47.460767,0.0,0.0
2025-11-12T18:29:47.461727,0.0,0.0
2025-11-12T18:29:47.465298,0.0,0.0
2025-11-12T18:29:47.468201,0.0,0.0
2025-11-12T18:29:47.469197,0.0,0.0
2025-11-12T18:29:47.469971,0.0,0.0
2025-11-12T18:29:47.471164,0.0,0.0
2025-11-12T18:29:47.472696,0.0,0.0
2025-11-12T18:29:47.474707,0.0,0.0
2025-11-12T18:29:47.475662,0.0,0.0
2025-11-12T18:29:47.476707,0.0,0.0
2025-11-12T18:29:47.485382,0.0,0.0
2025-11-12T18:29:47.486575,0.0,0.0
2025-11-12T18:29:47.487474,0.0,0.0
2025-11-12T18:29:47.488705,0.0,0.0
2025-11-12T18:29:47.489625,0.0,0.0
2025-11-12T18:29:47.493391,0.0,0.0
2025-11-12T18:29:47.495125,0.0,0.0
2025-11-12T18:29:47.498249,0.0,0.0
2025-11-12T18:29:47.499475,0.0,0.0
2025-11-12T18:29:47.500662,0.0,0.0
2025-11-12T18:29:47.501483,0.0,0.0
2025-11-12T18:29:47.502896,0.0,0.0
2025-11-12T18:29:47.504064,0.0,0.0
2025-11-12T18:29:47.506107,0.0,0.0
2025-11-12T18:29:47.518880,0.0,0.0
2025-11-12T18:29:47.520283,0.0,0.0
2025-11-12T18:29:47.521085,0.0,0.0
2025-11-12T18:29:47.522241,0.0,0.0
2025-11-12T18:29:47.523517,0.0,0.0
2025-11-12T18:29:47.526224,0.0,0.0
2025-11-12T18:29:47.526991,0.0,0.0
2025-11-12T18:29:47.527963,0.0,0.0
2025-11-12T18:29:47.530994,0.0,0.0
2025-11-12T18:29:47.533094,0.0,0.0
2025-11-12T18:29:47.534675,0.0,0.0
2025-11-12T18:29:47.535827,0.0,0.0
2025-11-12T18:29:47.536656,0.0,0.0
2025-11-12T18:29:47.537902,0.0,0.0
2025-11-12T18:29:47.538698,0.0,0.0
2025-11-12T18:29:47.547487,0.0,0.0
2025-11-12T18:29:47.549125,0.0,0.0
2025-11-12T18:29:47.552519,0.0,0.0
2025-11-12T18:29:47.554189,0.0,0.0
2025-11-12T18:29:47.555522,0.0,0.0
2025-11-12T18:29:47.556918,0.0,0.0
2025-11-12T18:29:47.558177,0.0,0.0
2025-11-12T18:29:47.559085,0.0,0.0
2025-11-12T18:29:47.560264,0.0,0.0
2025-11-12T18:29:47.561461,0.0,0.0
2025-11-12T18:29:47.564585,0.0,0.0
2025-11-12T18:29:47.566744,0.0,0.0
2025-11-12T18:29:47.567824,0.0,0.0
2025-11-12T18:29:47.568843,0.0,0.0
2025-11-12T18:29:47.574722,0.0,0.0
2025-11-12T18:29:47.575582,0.0,0.0
2025-11-12T18:29:47.576593,0.0,0.0
2025-11-12T18:29:47.580687,0.0,0.0
2025-11-12T18:29:47.583764,0.0,0.0
2025-11-12T18:29:47.585465,0.0,0.0
2025-11-12T18:29:47.586468,0.0,0.0
2025-11-12T18:29:47.587235,0.0,0.0
2025-11-12T18:29:47.588194,0.0,0.0
2025-11-12T18:29:47.589058,0.0,0.0
2025-11-12T18:29:47.590316,0.0,0.0
2025-11-12T18:29:47.591833,0.0,0.0
2025-11-12T18:29:47.592817,0.0,0.0
2025-11-12T18:29:47.594279,0.0,0.0
2025-11-12T18:29:47.597450,0.0,0.0
2025-11-12T18:29:47.602906,0.0,0.0
2025-11-12T18:29:48.321711,0.0,0.0
2025-11-12T18:29:48.383520,0.0,0.0
2025-11-12T18:29:49.321626,0.0,0.0
2025-11-12T18:29:49.383672,0.0,0.0
2025-11-12T18:29:50.320634,0.0,0.0
2025-11-12T18:29:50.382613,0.0,0.0
2025-11-12T18:29:51.321493,0.0,0.0
2025-11-12T18:29:51.383576,0.0,0.0
2025-11-12T18:29:52.320596,0.0,0.0
2025-11-12T18:29:52.382585,0.0,0.0
2025-11-12T18:29:53.320536,0.0,0.0
2025-11-12T18:29:53.382697,0.0,0.0
2025-11-12T18:29:54.321618,0.0,0.0
2025-11-12T18:29:54.383614,0.0,0.0
2025-11-12T18:29:55.321661,0.0,0.0
2025-11-12T18:29:55.382677,0.0,0.0
2025-11-12T18:29:56.320705,0.0,0.0
2025-11-12T18:29:56.382648,0.0,0.0
2025-11-12T18:29:57.321578,0.0,0.0
2025-11-12T18:29:57.383466,0.0,0.0
2025-11-12T18:29:58.321674,0.0,0.0
2025-11-12T18:29:58.383602,0.0,0.0
2025-11-12T18:29:59.321690,0.0,0.0
2025-11-12T18:29:59.382604,0.0,0.0
2025-11-12T18:30:00.321684,0.0,0.0
2025-11-12T18:30:00.383691,0.0,0.0
2025-11-12T18:30:01.321739,0.0,0.0
2025-11-12T18:30:01.383590,0.0,0.0
2025-11-12T18:30:02.320623,0.0,0.0
2025-11-12T18:30:02.382751,0.0,0.0
2025-11-12T18:30:03.322055,0.0,0.0
2025-11-12T18:30:03.383622,0.0,0.0
2025-11-12T18:30:04.330704,0.0,0.0
2025-11-12T18:30:04.392540,0.0,0.0
2025-11-12T18:30:05.313207,0.0,0.0
2025-11-12T18:30:05.374659,0.0,0.0
2025-11-12T18:30:06.331862,0.0,0.0
2025-11-12T18:30:06.393598,0.0,0.0
2025-11-12T18:30:07.312706,0.0,0.0
2025-11-12T18:30:07.374489,0.0,0.0
2025-11-12T18:30:08.312635,0.0,0.0
2025-11-12T18:30:08.374690,0.0,0.0
2025-11-12T18:30:09.331546,0.0,0.0
2025-11-12T18:30:09.393489,0.0,0.0
2025-11-12T18:30:10.312580,0.0,0.0
2025-11-12T18:30:10.374702,0.0,0.0
2025-11-12T18:30:11.311719,0.0,0.0
2025-11-12T18:30:11.373748,0.0,0.0
2025-11-12T18:30:12.313238,0.0,0.0
2025-11-12T18:30:12.373635,0.0,0.0
2025-11-12T18:30:13.313019,0.0,0.0
2025-11-12T18:30:13.374513,0.0,0.0
2025-11-12T18:30:14.312889,0.0,0.0
2025-11-12T18:30:14.373775,0.0,0.0
2025-11-12T18:30:15.337526,0.0,0.0
2025-11-12T18:30:15.400038,0.0,0.0
2025-11-12T18:30:16.311630,0.0,0.0
2025-11-12T18:30:16.373625,0.0,0.0
2025-11-12T18:30:17.312504,0.0,0.0
